name,cost,position,points,ppd,roi
Tommy Novak,2340000,C,45,52000,0.000019231
Colton Sissons,1710000,F,35,48857,0.000020468
Kevin Bahl,1000000,D,11,90909,0.000011000
Michael Bunting,2670000,F,55,48545,0.000020599
Adam Fantilli,2230000,C,27,82593,0.000012108
Vincent Trocheck,3200000,C,77,41558,0.000024063
Jonathan Huberdeau,2710000,F,52,52115,0.000019188
Sidney Crosby,4190000,C,94,44574,0.000022434
Arthur Kaliyev,1360000,F,15,90667,0.000011029
Reilly Smith,1980000,F,40,49500,0.000020202
Evan Bouchard,3870000,D,82,47195,0.000021189
Taylor Hall,1930000,F,4,482500,0.000002073
Anthony Beauvillier,1290000,F,17,75882,0.000013178
Alex Laferriere,1260000,F,23,54783,0.000018254
Noah Hanifin,2550000,D,47,54255,0.000018431
Philipp Kurashev,2280000,F,54,42222,0.000023684
Jimmy Vesey,1080000,F,26,41538,0.000024074
Ryan Suter,1000000,D,17,58824,0.000017000
Sam Reinhart,4040000,F,94,42979,0.000023267
Ben Hutton,1000000,D,10,100000,0.000010000
Jake McCabe,1460000,D,28,52143,0.000019178
Kevin Hayes,1670000,F,29,57586,0.000017365
Jesperi Kotkaniemi,1730000,C,27,64074,0.000015607
Nikita Kucherov,5250000,F,144,36458,0.000027429
Vasily Podkolzin,1000000,F,2,500000,0.000002000
Jordan Eberle,2290000,F,44,52045,0.000019214
Brandon Tanev,1050000,F,16,65625,0.000015238
Mathew Barzal,3540000,C,80,44250,0.000022599
Trevor Moore,2190000,F,57,38421,0.000026027
Nicolas Roy,1840000,F,41,44878,0.000022283
Colton Parayko,1470000,D,26,56538,0.000017687
Alexandre Texier,1640000,C,30,54667,0.000018293
Jack Drury,1160000,C,27,42963,0.000023276
Conor Sheary,1160000,F,15,77333,0.000012931
Mikey Anderson,1070000,D,18,59444,0.000016822
Tony DeAngelo,1820000,D,11,165455,0.000006044
Teuvo Teravainen,2530000,F,53,47736,0.000020949
Marcus Foligno,1300000,F,22,59091,0.000016923
Artem Zub,1170000,D,25,46800,0.000021368
Vince Dunn,2690000,D,46,58478,0.000017100
Nick Cousins,1010000,F,15,67333,0.000014851
Mitch Marner,4760000,F,85,56000,0.000017857
Connor Bedard,3690000,C,61,60492,0.000016531
Pavel Mintyukov,1810000,D,28,64643,0.000015470
Henri Jokiharju,1000000,D,20,50000,0.000020000
Evgeny Kuznetsov,2090000,C,24,87083,0.000011483
Jamie Benn,2840000,F,60,47333,0.000021127
Dylan Samberg,1000000,D,18,55556,0.000018000
Jonny Brodzinski,1000000,F,19,52632,0.000019000
Miles Wood,1370000,F,26,52692,0.000018978
Vladimir Tarasenko,2720000,F,55,49455,0.000020221
Phillip Danault,2130000,C,47,45319,0.000022066
Ryan McDonagh,1480000,D,32,46250,0.000021622
Pavel Buchnevich,3240000,F,63,51429,0.000019444
Bobby McMann,1040000,F,24,43333,0.000023077
Eeli Tolvanen,2300000,F,41,56098,0.000017826
Jordan Staal,1280000,C,30,42667,0.000023438
Adam Pelech,1110000,D,16,69375,0.000014414
Parker Wotherspoon,1000000,D,8,125000,0.000008000
Martin Necas,2890000,C,53,54528,0.000018339
Philip Tomasino,1620000,C,20,81000,0.000012346
Dakota Joshua,1440000,C,32,45000,0.000022222
Tyler Seguin,2410000,C,52,46346,0.000021577
Pierre-Luc Dubois,2460000,C,40,61500,0.000016260
Jordan Kyrou,3260000,F,67,48657,0.000020552
David Perron,1350000,F,47,28723,0.000034815
Conor Garland,2310000,F,47,49149,0.000020346
Morgan Frost,2360000,C,41,57561,0.000017373
Rafael Harvey-Pinard ,1000000,F,10,100000,0.000010000
Timo Meier,2910000,F,52,55962,0.000017869
Bobby Brink,1530000,F,23,66522,0.000015033
Stefan Noesen,1660000,F,37,44865,0.000022289
Ross Johnston,1000000,F,4,250000,0.000004000
David Savard,1000000,D,24,41667,0.000024000
Cole Perfetti,2260000,F,38,59474,0.000016814
Jake Walman,1150000,D,21,54762,0.000018261
Nate Schmidt,1000000,D,14,71429,0.000014000
Troy Stecher,1000000,D,7,142857,0.000007000
Danton Heinen,1520000,F,36,42222,0.000023684
Jonas Brodin,1320000,D,27,48889,0.000020455
Tyson Foerster,1790000,F,33,54242,0.000018436
Nick Blankenburg,1000000,D,1,1000000,0.000001000
Dylan Strome,3220000,C,67,48060,0.000020807
Johnathan Kovacevic,1000000,D,13,76923,0.000013000
Jaden Schwartz,1690000,F,30,56333,0.000017751
Logan O'Connor,1330000,F,25,53200,0.000018797
Mason Appleton,1560000,F,36,43333,0.000023077
Kirill Marchenko,2270000,F,42,54048,0.000018502
Corey Perry,1120000,F,22,50909,0.000019643
Nick Seeler,1000000,D,13,76923,0.000013000
Rickard Rakell,2050000,F,37,55405,0.000018049
Ryan Poehling,1390000,F,28,49643,0.000020144
Ty Emberson,1110000,D,10,111000,0.000009009
Cody Glass,1220000,C,13,93846,0.000010656
Mats Zuccarello,3150000,F,63,50000,0.000020000
Logan Couture,1100000,C,1,1100000,0.000000909
Lawson Crouse,2210000,F,42,52619,0.000019005
Matt Rempe,1000000,F,2,500000,0.000002000
Zach Hyman,3950000,F,77,51299,0.000019494
Mike Matheson,2930000,D,62,47258,0.000021160
Aaron Ekblad,2100000,D,18,116667,0.000008571
Travis Konecny,3590000,C,68,52794,0.000018942
Brett Howden,1060000,C,19,55789,0.000017925
Nazem Kadri,3190000,C,75,42533,0.000023511
Darren Raddysh,1260000,D,33,38182,0.000026190
Mark Scheifele,3280000,C,72,45556,0.000021951
Phillip Broberg,1000000,D,2,500000,0.000002000
Adam Lowry,1580000,C,35,45143,0.000022152
Jason Robertson,4130000,F,80,51625,0.000019370
Michael Kesselring,1300000,D,21,61905,0.000016154
Paul Cotter,1270000,F,25,50800,0.000019685
Andreas Athanasiou,1400000,F,9,155556,0.000006429
Jordan Martinook,1480000,F,32,46250,0.000021622
J.T. Miller,4550000,C,103,44175,0.000022637
Erik Brannstrom,1000000,D,20,50000,0.000020000
Samuel Girard,1350000,D,18,75000,0.000013333
Brandon Montour,2420000,D,33,73333,0.000013636
Ryan Nugent-Hopkins,3800000,C,67,56716,0.000017632
Jonathan Drouin,2160000,F,56,38571,0.000025926
Barrett Hayton,1750000,F,10,175000,0.000005714
Noah Juulsen,1000000,D,7,142857,0.000007000
Anthony Cirelli,2040000,C,45,45333,0.000022059
Brad Marchand,3540000,F,67,52836,0.000018927
Radko Gudas,1000000,D,18,55556,0.000018000
Akil Thomas,1000000,F,4,250000,0.000004000
Shea Theodore,3190000,D,42,75952,0.000013166
Evander Kane,1830000,F,44,41591,0.000024044
Adam Larsson,1210000,D,18,67222,0.000014876
Rasmus Andersson,1980000,D,39,50769,0.000019697
Braden Schneider,1050000,D,19,55263,0.000018095
Drew O'Connor,1340000,F,33,40606,0.000024627
Andrew Copp,1700000,F,33,51515,0.000019412
Filip Zadina ,1050000,F,23,45652,0.000021905
Pavel Zacha,1970000,C,59,33390,0.000029949
Josh Manson,1250000,D,25,50000,0.000020000
Charlie McAvoy,3030000,D,47,64468,0.000015512
Curtis Lazar,1080000,C,25,43200,0.000023148
Casey Mittelstadt,2440000,C,57,42807,0.000023361
Joey Anderson,1040000,F,17,61176,0.000016346
Nick Perbix,1140000,D,24,47500,0.000021053
Alex Killorn,2220000,F,36,61667,0.000016216
Brent Burns,2310000,D,43,53721,0.000018615
Damon Severson,1530000,D,28,54643,0.000018301
Luke Hughes,2660000,D,47,56596,0.000017669
Ryan O'Reilly,3140000,C,69,45507,0.000021975
Justin Holl,1000000,D,5,200000,0.000005000
Trevor Zegras,2270000,C,15,151333,0.000006608
Alex Newhook,1820000,C,34,53529,0.000018681
Evgeni Malkin,3290000,C,67,49104,0.000020365
Ross Colton,1960000,F,40,49000,0.000020408
Tye Kartye,1060000,F,20,53000,0.000018868
Martin Pospisil,1400000,F,24,58333,0.000017143
Dylan Guenther,2570000,F,35,73429,0.000013619
Juuso Valimaki,1110000,D,17,65294,0.000015315
Cam Atkinson,1370000,F,28,48929,0.000020438
Cale Makar,4230000,D,90,47000,0.000021277
Ryker Evans,1270000,D,9,141111,0.000007087
Rasmus Ristolainen,1000000,D,4,250000,0.000004000
Declan Chisholm,1090000,D,9,121111,0.000008257
Justin Faulk,2360000,D,30,78667,0.000012712
Rasmus Sandin,1450000,D,23,63043,0.000015862
Joe Veleno,1200000,C,28,42857,0.000023333
Fabian Zetterlund,2170000,F,44,49318,0.000020276
Radek Faksa,1050000,C,19,55263,0.000018095
Andreas Englund,1000000,D,10,100000,0.000010000
Mason Shaw,1000000,C,3,333333,0.000003000
Jakob Chychrun,2150000,D,41,52439,0.000019070
Brady Tkachuk,3610000,F,74,48784,0.000020499
Cutter Gauthier,1000000,F,1,1000000,0.000001000
Eetu Luostarinen,1520000,C,27,56296,0.000017763
Ivan Barbashev,2450000,C,45,54444,0.000018367
Charlie Coyle,2220000,C,60,37000,0.000027027
Jack Roslovic,1910000,C,31,61613,0.000016230
Juraj Slafkovsky,2920000,F,50,58400,0.000017123
Josh Doan,1500000,F,9,166667,0.000006000
Adam Henrique,2260000,C,51,44314,0.000022566
Shane Pinto,1880000,C,27,69630,0.000014362
Adam Fox,3820000,D,73,52329,0.000019110
Michael McCarron,1060000,F,22,48182,0.000020755
Tim Stutzle,4060000,C,70,58000,0.000017241
Josh Brown,1000000,D,10,100000,0.000010000
Spencer Stastney,1000000,D,4,250000,0.000004000
Kaiden Guhle,1390000,D,22,63182,0.000015827
Ian Cole,1000000,D,11,90909,0.000011000
Justin Brazeau,1210000,F,7,172857,0.000005785
Kevin Shattenkirk,1000000,D,24,41667,0.000024000
Mason Lohrei,1110000,D,13,85385,0.000011712
Vladislav Gavrikov,1100000,D,23,47826,0.000020909
Klim Kostin,1110000,F,14,79286,0.000012613
Tyler Myers,1160000,D,29,40000,0.000025000
Brock Boeser,3220000,F,73,44110,0.000022671
Erik Gudbranson,1000000,D,26,38462,0.000026000
Jeremy Lauzon,1000000,D,14,71429,0.000014000
Tom Wilson,1920000,F,35,54857,0.000018229
Jamie Oleksiak,1000000,D,15,66667,0.000015000
Brayden Point,4300000,C,90,47778,0.000020930
Ilya Mikheyev,1580000,F,31,50968,0.000019620
Marco Rossi,2280000,C,40,57000,0.000017544
Tyler Bertuzzi,2320000,F,43,53953,0.000018534
Dmitry Kulikov,1140000,D,20,57000,0.000017544
Derek Forbort,1000000,D,4,250000,0.000004000
Logan Stankoven,1810000,C,14,129286,0.000007735
Connor McDavid,5220000,C,132,39545,0.000025287
Niko Mikkola,1000000,D,17,58824,0.000017000
Sam Steel,1260000,C,24,52500,0.000019048
Scott Mayfield,1000000,D,5,200000,0.000005000
Erik Karlsson,3530000,D,56,63036,0.000015864
Moritz Seider,2680000,D,42,63810,0.000015672
Sam Lafferty,1040000,F,24,43333,0.000023077
Anze Kopitar,3210000,C,70,45857,0.000021807
Luke Evangelista,2070000,F,39,53077,0.000018841
Sean Walker,1330000,D,29,45862,0.000021805
Blake Lizotte,1100000,F,15,73333,0.000013636
Mathieu Joseph,1610000,F,35,46000,0.000021739
Sonny Milano,1460000,F,23,63478,0.000015753
Max Pacioretty,1840000,F,23,80000,0.000012500
Dominik Kubalik,1170000,F,15,78000,0.000012821
Bryan Rust,2660000,F,56,47500,0.000021053
Beck Malenstyn,1070000,F,21,50952,0.000019626
Mark Giordano,1000000,D,9,111111,0.000009000
Gustav Forsling,2140000,D,39,54872,0.000018224
Wyatt Johnston,3390000,C,65,52154,0.000019174
Mark Jankowski,1090000,C,15,72667,0.000013761
Jason Zucker,1650000,F,32,51563,0.000019394
Brayden McNabb,1150000,D,26,44231,0.000022609
Vladislav Namestnikov,1520000,F,37,41081,0.000024342
Cody Ceci,1090000,D,25,43600,0.000022936
Mika Zibanejad,3600000,C,72,50000,0.000020000
Sam Bennett,2200000,C,41,53659,0.000018636
Kaapo Kakko,1330000,F,19,70000,0.000014286
Mikael Backlund,1990000,C,39,51026,0.000019598
Jesper Boqvist,1150000,C,14,82143,0.000012174
Cole Smith,1080000,F,23,46957,0.000021296
Patrick Kane,2800000,F,47,59574,0.000016786
Jake Neighbours,1690000,F,38,44474,0.000022485
Claude Giroux,3070000,F,64,47969,0.000020847
Adrian Kempe,3400000,F,75,45333,0.000022059
Urho Vaakanainen,1000000,D,14,71429,0.000014000
Brandon Saad,1970000,F,42,46905,0.000021320
William Lagesson,1000000,D,4,250000,0.000004000
Dryden Hunt,1000000,F,8,125000,0.000008000
Tomas Hertl,2700000,F,38,71053,0.000014074
Kyle Connor,3870000,F,61,63443,0.000015762
Carl Grundstrom,1000000,F,12,83333,0.000012000
Blake Wheeler,1510000,F,21,71905,0.000013907
Morgan Geekie,1710000,C,39,43846,0.000022807
Jon Merrill,1000000,D,11,90909,0.000011000
Simon Benoit,1000000,D,5,200000,0.000005000
John Carlson,2880000,D,52,55385,0.000018056
Dawson Mercer,2050000,C,33,62121,0.000016098
Nick Leddy,1260000,D,28,45000,0.000022222
Trent Frederic,1680000,F,40,42000,0.000023810
Timothy Liljegren,1580000,D,23,68696,0.000014557
Blake Coleman,2330000,F,54,43148,0.000023176
Yanni Gourde,1850000,F,33,56061,0.000017838
Bowen Byram,2030000,D,29,70000,0.000014286
Thomas Chabot,2110000,D,30,70333,0.000014218
William Eklund,2150000,F,45,47778,0.000020930
Colin Miller,1000000,D,9,111111,0.000009000
Joel Farabee,2400000,F,50,48000,0.000020833
Connor Dewar,1030000,C,19,54211,0.000018447
Andre Burakovsky,1740000,F,16,108750,0.000009195
Justin Schultz,1280000,D,26,49231,0.000020313
Erik Haula,1820000,F,35,52000,0.000019231
Brandt Clarke,1550000,D,6,258333,0.000003871
Kirby Dach,1530000,C,2,765000,0.000001307
Joshua Norris,1860000,C,30,62000,0.000016129
Yegor Chinakhov,1760000,F,29,60690,0.000016477
Nikita Okhotiuk,1000000,D,9,111111,0.000009000
Jared McCann,3040000,C,62,49032,0.000020395
Lukas Reichel,1220000,F,16,76250,0.000013115
Emil Bemstrom,1180000,F,16,73750,0.000013559
Ryan Pulock,1310000,D,19,68947,0.000014504
Nick Bjugstad,1720000,C,45,38222,0.000026163
Matt Grzelcyk,1010000,D,11,91818,0.000010891
Kyle Okposo,1070000,F,22,48636,0.000020561
Will Cuylle,1090000,F,21,51905,0.000019266
Jacob Trouba,1420000,D,22,64545,0.000015493
Alex DeBrincat,3180000,F,67,47463,0.000021069
Alex Vlasic,1000000,D,16,62500,0.000016000
Neal Pionk,1760000,D,33,53333,0.000018750
Miro Heiskanen,3240000,D,54,60000,0.000016667
Brandon Carlo,1000000,D,14,71429,0.000014000
Torey Krug,2190000,D,39,56154,0.000017808
Artemi Panarin,4960000,F,120,41333,0.000024194
Jordan Greenway,1250000,F,28,44643,0.000022400
Jayden Struble,1000000,D,10,100000,0.000010000
Jack McBain,1410000,F,26,54231,0.000018440
Garnet Hathaway,1010000,F,17,59412,0.000016832
Oliver Ekman-Larsson,1440000,D,32,45000,0.000022222
Matthew Knies,2120000,F,35,60571,0.000016509
Carson Soucy,1000000,D,6,166667,0.000006000
James van Riemsdyk,1600000,F,38,42105,0.000023750
Lars Eller,1270000,C,31,40968,0.000024409
Devon Toews,2470000,D,50,49400,0.000020243
William Nylander,4340000,F,98,44286,0.000022581
Drew Doughty,2540000,D,50,50800,0.000019685
Jeff Petry,1140000,D,24,47500,0.000021053
Roope Hintz,3570000,C,65,54923,0.000018207
Jack Quinn,1870000,F,19,98421,0.000010160
Noah Gregor,1000000,F,12,83333,0.000012000
Jamie Drysdale,1000000,D,10,100000,0.000010000
Cole Sillinger,1510000,C,32,47188,0.000021192
Alexey Toropchenko,1020000,F,21,48571,0.000020588
Max Jones,1030000,F,15,68667,0.000014563
John Klingberg,1740000,D,5,348000,0.000002874
Alex Kerfoot,2120000,C,45,47111,0.000021226
Brady Skjei,2020000,D,47,42979,0.000023267
Nils Hoglander,1770000,F,36,49167,0.000020339
Nicholas Paul,2050000,F,46,44565,0.000022439
Dylan Cozens,2880000,C,47,61277,0.000016319
Jake Guentzel,4050000,F,77,52597,0.000019012
Jacob MacDonald,1000000,D,9,111111,0.000009000
Teddy Blueger,1290000,C,28,46071,0.000021705
Jackson LaCombe,1000000,D,17,58824,0.000017000
Sam Carrick,1020000,C,16,63750,0.000015686
Evgenii Dadonov,1310000,F,23,56957,0.000017557
Noah Cates,1370000,F,18,76111,0.000013139
Victor Hedman,3750000,D,76,49342,0.000020267
Filip Hronek,2260000,D,48,47083,0.000021239
Elias Pettersson,4200000,C,89,47191,0.000021190
Phillip Di Giuseppe,1000000,F,10,100000,0.000010000
William Carrier,1000000,F,8,125000,0.000008000
Nico Hischier,3580000,C,67,53433,0.000018715
Seth Jones,2160000,D,31,69677,0.000014352
Nick Schmaltz,2380000,C,61,39016,0.000025630
Bo Horvat,3050000,C,68,44853,0.000022295
Matt Duchene,2900000,C,65,44615,0.000022414
Troy Terry,3110000,F,54,57593,0.000017363
John Tavares,3150000,C,65,48462,0.000020635
Jake Bean,1000000,D,13,76923,0.000013000
Nolan Foote,1220000,F,1,1220000,0.000000820
Ryan Strome,1780000,C,41,43415,0.000023034
Mattias Ekholm,2040000,D,45,45333,0.000022059
Leo Carlsson,2190000,C,29,75517,0.000013242
Matt Dumba,1000000,D,12,83333,0.000012000
Zach Benson,1620000,F,30,54000,0.000018519
Gustav Nyquist,2730000,F,75,36400,0.000027473
Dougie Hamilton,2520000,D,16,157500,0.000006349
Frederick Gaudreau,1140000,C,15,76000,0.000013158
Nick Suzuki,3360000,C,77,43636,0.000022917
Pavel Dorofeyev,1430000,F,24,59583,0.000016783
Tyson Barrie,1410000,D,15,94000,0.000010638
Luke Schenn,1000000,D,7,142857,0.000007000
Chris Kreider,3230000,F,75,43067,0.000023220
Tyler Toffoli,2740000,F,55,49818,0.000020073
Robby Fabbri,1660000,F,32,51875,0.000019277
Nils Lundkvist,1240000,D,19,65263,0.000015323
Jaccob Slavin,1750000,D,37,47297,0.000021143
Peyton Krebs,1060000,F,17,62353,0.000016038
Ryan Donato,1470000,F,30,49000,0.000020408
Kent Johnson,1550000,F,16,96875,0.000010323
Simon Nemec,1620000,D,19,85263,0.000011728
Aleksander Barkov,3950000,C,80,49375,0.000020253
Jean-Gabriel Pageau,1760000,C,33,53333,0.000018750
Jacob Bernard-Docker,1000000,D,14,71429,0.000014000
Pierre Engvall,1540000,F,28,55000,0.000018182
Cameron York,1970000,D,30,65667,0.000015228
Valeri Nichushkin,2930000,F,53,55283,0.000018089
Dante Fabbro,1000000,D,13,76923,0.000013000
Joel Armia,1080000,F,25,43200,0.000023148
Andrei Svechnikov,3200000,F,52,61538,0.000016250
Mason Marchment,2430000,F,53,45849,0.000021811
Scott Perunovich,1400000,D,17,82353,0.000012143
Jake Middleton,1160000,D,25,46400,0.000021552
Dmitri Voronkov,1730000,F,34,50882,0.000019653
Nicolas Aube-Kubel,1000000,F,16,62500,0.000016000
Chris Tanev,1060000,D,19,55789,0.000017925
Drake Batherson,3320000,F,66,50303,0.000019880
Morgan Rielly,2850000,D,58,49138,0.000020351
Jason Dickinson,1170000,C,35,33429,0.000029915
Samuel Bolduc,1000000,D,5,200000,0.000005000
Andrei Kuzmenko,2810000,F,46,61087,0.000016370
Esa Lindell,1370000,D,26,52692,0.000018978
Sean Monahan,2310000,C,59,39153,0.000025541
Yegor Sharangovich,2970000,F,59,50339,0.000019865
Nathan MacKinnon,5230000,C,140,37357,0.000026769
Michael Carcone,1240000,F,29,42759,0.000023387
Andrew Mangiapane,2100000,F,40,52500,0.000019048
Olen Zellweger,1590000,D,9,176667,0.000005660
Justin Barron,1200000,D,13,92308,0.000010833
Jakub Vrana,1230000,F,6,205000,0.000004878
Anthony Duclair,1720000,F,42,40952,0.000024419
Jakob Pelletier,1000000,F,3,333333,0.000003000
Lucas Raymond,3270000,F,72,45417,0.000022018
Jon Marchessault,3160000,F,69,45797,0.000021835
Brayden Schenn,2650000,C,46,57609,0.000017358
Liam O'Brien,1000000,C,14,71429,0.000014000
Auston Matthews,4750000,C,107,44393,0.000022526
Seth Jarvis,3160000,C,67,47164,0.000021203
Marcus Johansson,1450000,F,30,48333,0.000020690
Brian Dumoulin,1000000,D,16,62500,0.000016000
Frank Vatrano,2520000,F,60,42000,0.000023810
Jared Spurgeon,1490000,D,5,298000,0.000003356
Kaedan Korczak,1110000,D,9,123333,0.000008108
Filip Chytil,1690000,C,6,281667,0.000003550
Pius Suter,1370000,C,29,47241,0.000021168
William Karlsson,2570000,C,60,42833,0.000023346
Zach Bogosian,1000000,D,14,71429,0.000014000
Tyler Tucker,1000000,D,2,500000,0.000002000
Shane Wright,1000000,C,5,200000,0.000005000
Quinton Byfield,2250000,F,55,40909,0.000024444
Tage Thompson,3410000,C,56,60893,0.000016422
Anthony Richard,1000000,F,3,333333,0.000003000
Nicholas Robertson,1440000,F,27,53333,0.000018750
Patrik Laine,2590000,F,9,287778,0.000003475
Artturi Lehkonen,2490000,F,34,73235,0.000013655
Josh Morrissey,3720000,D,69,53913,0.000018548
Alexander Holtz,1380000,F,28,49286,0.000020290
Adam Edstrom,1000000,F,2,500000,0.000002000
Brett Kulak,1000000,D,16,62500,0.000016000
Josh Anderson,1250000,F,20,62500,0.000016000
Craig Smith,1070000,C,20,53500,0.000018692
Robert Thomas,3760000,C,86,43721,0.000022872
Nicolas Hague,1000000,D,12,83333,0.000012000
Olli Maatta,1000000,D,18,55556,0.000018000
Ryan McLeod,1660000,C,30,55333,0.000018072
Matthew Poitras,1540000,C,15,102667,0.000009740
Jesse Puljujarvi,1000000,F,4,250000,0.000004000
Zach Whitecloud,1000000,D,14,71429,0.000014000
Casey Cizikas,1130000,C,23,49130,0.000020354
Daniil Miromanov,1220000,D,7,174286,0.000005738
Michael Rasmussen,1690000,F,33,51212,0.000019527
Sebastian Aho,4020000,C,9,446667,0.000002239
Connor Brown,1030000,F,12,85833,0.000011650
David Jiricek,1000000,D,10,100000,0.000010000
Samuel Fagemo,1000000,F,1,1000000,0.000001000
Oskar Sundqvist,1140000,F,21,54286,0.000018421
Anders Lee,1780000,F,37,48108,0.000020787
Daniel Sprong,2090000,F,43,48605,0.000020574
Ridly Greig,1550000,C,26,59615,0.000016774
Oliver Bjorkstrand,2500000,F,59,42373,0.000023600
Tyler Johnson,1480000,C,31,47742,0.000020946
Alexander Romanov,1270000,D,22,57727,0.000017323
Alex Pietrangelo,2380000,D,33,72121,0.000013866
Sean Kuraly,1040000,C,18,57778,0.000017308
Caleb Jones,1000000,D,5,200000,0.000005000
Kyle MacLean,1020000,F,9,113333,0.000008824
Logan Stanley,1000000,D,2,500000,0.000002000
Travis Boyd,1000000,C,8,125000,0.000008000
Rasmus Dahlin,3670000,D,59,62203,0.000016076
Connor McMichael,1890000,C,33,57273,0.000017460
Chandler Stephenson,2550000,C,51,50000,0.000020000
Leon Draisaitl,4890000,F,106,46132,0.000021677
Steven Stamkos,3450000,C,81,42593,0.000023478
Calen Addison,1000000,D,17,58824,0.000017000
Anton Lundell,1610000,C,35,46000,0.000021739
Ben Chiarot,1120000,D,20,56000,0.000017857
Carter Verhaeghe,3560000,F,72,49444,0.000020225
Erik Gustafsson,1710000,D,31,55161,0.000018129
Quinn Hughes,4170000,D,92,45326,0.000022062
K'Andre Miller,2080000,D,30,69333,0.000014423
Zach Werenski,3160000,D,57,55439,0.000018038
Calle Jarnkrok,1600000,C,21,76190,0.000013125
Dylan DeMelo,1540000,D,31,49677,0.000020130
Shayne Gostisbehere,2590000,D,56,46250,0.000021622
Alex Ovechkin,3550000,F,65,54615,0.000018310
Ryan Hartman,2060000,C,45,45778,0.000021845
Jake Sanderson,2250000,D,38,59211,0.000016889
Connor Clifton,1090000,D,18,60556,0.000016514
Alexander Alexeyev,1000000,D,3,333333,0.000003000
Brandon Hagel,3250000,F,75,43333,0.000023077
Marcus Pettersson,1520000,D,30,50667,0.000019737
Darnell Nurse,1830000,D,32,57188,0.000017486
Elias Lindholm,2830000,C,44,64318,0.000015548
Joel Eriksson Ek,2950000,C,64,46094,0.000021695
Brenden Dillon,1020000,D,20,51000,0.000019608
Ryan Lindgren,1000000,D,17,58824,0.000017000
Sebastian Aho,4020000,C,89,45169,0.000022139
Tomas Tatar,1190000,F,24,49583,0.000020168
Nikolaj Ehlers,2850000,F,61,46721,0.000021404
Brendan Smith,1000000,D,15,66667,0.000015000
Mark Stone,2820000,F,53,53208,0.000018794
Matthew Beniers,2680000,C,37,72432,0.000013806
Evan Rodrigues,1810000,F,39,46410,0.000021547
TJ Brodie,1130000,D,26,43462,0.000023009
Kevin Fiala,3750000,F,73,51370,0.000019467
Brock Faber,2580000,D,47,54894,0.000018217
Erik Johnson,1000000,D,6,166667,0.000006000
J.J. Moser,1430000,D,26,55000,0.000018182
Nicolas Deslauriers,1000000,F,4,250000,0.000004000
Jonas Siegenthaler,1000000,D,9,111111,0.000009000
Noah Dobson,3700000,D,70,52857,0.000018919
Kyle Palmieri,2240000,F,54,41481,0.000024107
Brayden Pachal,1000000,D,7,142857,0.000007000
Sean Couturier,1960000,C,38,51579,0.000019388
Jack Eichel,3900000,C,68,57353,0.000017436
Nick Foligno,1320000,F,37,35676,0.000028030
Connor Zary,1770000,F,34,52059,0.000019209
Jordan Spence,1230000,D,24,51250,0.000019512
Max Domi,2290000,C,47,48723,0.000020524
Jeff Skinner,2960000,F,46,64348,0.000015541
Egor Zamula,1190000,D,21,56667,0.000017647
Jake DeBrusk,2200000,F,40,55000,0.000018182
John-Jason Peterka,2870000,F,50,57400,0.000017422
Gabriel Vilardi,1860000,F,36,51667,0.000019355
Mattias Samuelsson,1000000,D,7,142857,0.000007000
Mikael Granlund,2530000,C,60,42167,0.000023715
Matthew Boldy,3440000,F,69,49855,0.000020058
Jack Hughes,4180000,C,74,56486,0.000017703
Thomas Bordeleau,1500000,C,11,136364,0.000007333
Jesper Bratt,3960000,F,83,47711,0.000020960
Logan Cooley,2420000,C,44,55000,0.000018182
Christian Dvorak,1000000,F,9,111111,0.000009000
Alexandre Carrier,1100000,D,20,55000,0.000018182
Yakov Trenin,1010000,F,17,59412,0.000016832
Alex Iafallo,1590000,F,27,58889,0.000016981
Ondrej Palat,1490000,F,31,48065,0.000020805
Kailer Yamamoto,1150000,F,16,71875,0.000013913
Filip Forsberg,4100000,C,94,43617,0.000022927
Erik Cernak,1000000,D,13,76923,0.000013000
Thomas Harley,2090000,D,47,44468,0.000022488
Warren Foegele,1800000,F,41,43902,0.000022778
Anthony Mantha,1780000,F,44,40455,0.000024719
Kasperi Kapanen,1390000,F,22,63182,0.000015827
Valtteri Puustinen,1480000,F,20,74000,0.000013514
Calvin de Haan,1000000,D,10,100000,0.000010000
Travis Sanheim,2120000,D,44,48182,0.000020755
Kirill Kaprizov,4550000,F,96,47396,0.000021099
Matthew Tkachuk,4820000,F,88,54773,0.000018257
Nick Jensen,1000000,D,14,71429,0.000014000
Barclay Goodrow,1000000,F,12,83333,0.000012000
Dmitry Orlov,1600000,D,26,61538,0.000016250
Pontus Holmberg,1090000,F,17,64118,0.000015596
Ivan Provorov,1860000,D,32,58125,0.000017204
David Pastrnak,5010000,F,110,45545,0.000021956
Cam Fowler,2370000,D,39,60769,0.000016456
Brandon Duhaime,1000000,F,13,76923,0.000013000
Michael Amadio,1310000,F,27,48519,0.000020611
Tanner Jeannot,1000000,F,14,71429,0.000014000
Alexis Lafreniere,2870000,C,57,50351,0.000019861
Viktor Arvidsson,1570000,F,15,104667,0.000009554
Dylan Larkin,3300000,C,69,47826,0.000020909
Alex Tuch,2940000,F,59,49831,0.000020068
Scott Laughton,1900000,C,39,48718,0.000020526
Eric Robinson,1000000,F,10,100000,0.000010000
Keegan Kolesar,1020000,F,18,56667,0.000017647
Martin Fehervary,1000000,D,16,62500,0.000016000
Conor Timmins,1290000,D,10,129000,0.000007752
Kevin Korchinski,1000000,D,15,66667,0.000015000
Clayton Keller,4000000,F,76,52632,0.000019000
Cole Caufield,3390000,F,65,52154,0.000019174
Nikita Zadorov,1130000,D,20,56500,0.000017699
Arber Xhekaj,1100000,D,10,110000,0.000009091
Mikhail Sergachev,2700000,D,19,142105,0.000007037
Owen Tippett,2830000,F,53,53396,0.000018728
Boone Jenner,1950000,C,35,55714,0.000017949
Roman Josi,3880000,D,85,45647,0.000021907
Ryan Graves,1140000,D,14,81429,0.000012281
Cal Clutterbuck,1090000,F,19,57368,0.000017431
Owen Power,1870000,D,33,56667,0.000017647
Matias Maccelli,2900000,F,57,50877,0.000019655
T.J. Oshie,1630000,F,25,65200,0.000015337
Michael Eyssimont,1130000,F,25,45200,0.000022124
Victor Olofsson,1280000,F,15,85333,0.000011719
Mike Reilly,1080000,D,24,45000,0.000022222
Ryan Lomberg,1000000,F,7,142857,0.000007000
Matt Roy,1250000,D,25,50000,0.000020000
Alex Wennberg,1630000,C,30,54333,0.000018405
Brendan Gallagher,1420000,F,31,45806,0.000021831
Andrew Peeke,1000000,D,10,100000,0.000010000
Sean Durzi,2310000,D,41,56341,0.000017749
Kiefer Sherwood,1270000,F,27,47037,0.000021260
Sam Malinski,1000000,D,10,100000,0.000010000
Pierre-Olivier Joseph,1010000,D,11,91818,0.000010891
Jalen Chatfield,1000000,D,22,45455,0.000022000
Nino Niederreiter,1660000,F,34,48824,0.000020482
Kris Letang,2200000,D,51,43137,0.000023182
Marco Scandella,1000000,D,8,125000,0.000008000
Brock Nelson,3250000,C,69,47101,0.000021231
Haydn Fleury,1000000,D,5,200000,0.000005000
Will Borgen,1180000,D,25,47200,0.000021186
Adam Boqvist,1510000,D,10,151000,0.000006623
Alec Martinez,1040000,D,17,61176,0.000016346
Aliaksei Protas,1250000,C,29,43103,0.000023200
MacKenzie Weegar,2870000,D,52,55192,0.000018118
Hampus Lindholm,1610000,D,26,61923,0.000016149
Mikko Rantanen,4730000,F,104,45481,0.000021987
J.T. Compher,1940000,C,48,40417,0.000024742
Mason McTavish,2440000,F,42,58095,0.000017213
Brett Pesce,1030000,D,13,79231,0.000012621