name,cost,position,points,ppd,roi
David Perron,1350000,F,47,28723,0.000034815
Pavel Zacha,1970000,C,70,28143,0.000035533
Jason Dickinson,1170000,C,35,33429,0.000029915
Nick Foligno,1320000,F,37,35676,0.000028030
Gustav Nyquist,2730000,F,75,36400,0.000027473
Nikita Kucherov,5250000,F,144,36458,0.000027429
Charlie Coyle,2220000,C,60,37000,0.000027027
Nathan MacKinnon,5230000,C,140,37357,0.000026769
Darren Raddysh,1260000,D,33,38182,0.000026190
Nick Bjugstad,1720000,C,45,38222,0.000026163
Trevor Moore,2190000,F,57,38421,0.000026027
Erik Gudbranson,1000000,D,26,38462,0.000026000
Jonathan Drouin,2160000,F,56,38571,0.000025926
Nick Schmaltz,2380000,C,61,39016,0.000025630
Sean Monahan,2310000,C,59,39153,0.000025541
Connor McDavid,5220000,C,132,39545,0.000025287
Tyler Myers,1160000,D,29,40000,0.000025000
J.T. Compher,1940000,C,48,40417,0.000024742
Anthony Mantha,1780000,F,44,40455,0.000024719
Drew O'Connor,1340000,F,33,40606,0.000024627
Quinton Byfield,2250000,F,80,28125,0.000035556
Anthony Duclair,1720000,F,42,40952,0.000024419
Lars Eller,1270000,C,31,40968,0.000024409
Vladislav Namestnikov,1520000,F,37,41081,0.000024342
Artemi Panarin,4960000,F,120,41333,0.000024194
Kyle Palmieri,2240000,F,54,41481,0.000024107
Jimmy Vesey,1080000,F,26,41538,0.000024074
Vincent Trocheck,3200000,C,95,33684,0.000029688
Evander Kane,1830000,F,44,41591,0.000024044
David Savard,1000000,D,24,41667,0.000024000
Kevin Shattenkirk,1000000,D,24,41667,0.000024000
Frank Vatrano,2520000,F,60,42000,0.000023810
Trent Frederic,1680000,F,40,42000,0.000023810
James van Riemsdyk,1600000,F,38,42105,0.000023750
Mikael Granlund,2530000,C,60,42167,0.000023715
Philipp Kurashev,2280000,F,54,42222,0.000023684
Danton Heinen,1520000,F,36,42222,0.000023684
Oliver Bjorkstrand,2500000,F,59,42373,0.000023600
Nazem Kadri,3190000,C,75,42533,0.000023511
Steven Stamkos,3450000,C,81,42593,0.000023478
Jordan Staal,1280000,C,30,42667,0.000023438
Michael Carcone,1240000,F,29,42759,0.000023387
Casey Mittelstadt,2440000,C,57,42807,0.000023361
William Karlsson,2570000,C,60,42833,0.000023346
Joe Veleno,1200000,C,28,42857,0.000023333
Jack Drury,1160000,C,40,29000,0.000034483
Sam Reinhart,4040000,F,94,42979,0.000023267
Brady Skjei,2020000,D,47,42979,0.000023267
Chris Kreider,3230000,F,75,43067,0.000023220
Aliaksei Protas,1250000,C,29,43103,0.000023200
Kris Letang,2200000,D,51,43137,0.000023182
Blake Coleman,2330000,F,54,43148,0.000023176
Joel Armia,1080000,F,25,43200,0.000023148
Curtis Lazar,1080000,C,25,43200,0.000023148
Brandon Hagel,3250000,F,75,43333,0.000023077
Mason Appleton,1560000,F,36,43333,0.000023077
Bobby McMann,1040000,F,24,43333,0.000023077
Sam Lafferty,1040000,F,24,43333,0.000023077
Ryan Strome,1780000,C,41,43415,0.000023034
TJ Brodie,1130000,D,26,43462,0.000023009
Cody Ceci,1090000,D,25,43600,0.000022936
Filip Forsberg,4100000,C,94,43617,0.000022927
Nick Suzuki,3360000,C,77,43636,0.000022917
Robert Thomas,3760000,C,86,43721,0.000022872
Morgan Geekie,1710000,C,39,43846,0.000022807
Warren Foegele,1800000,F,41,43902,0.000022778
Brock Boeser,3220000,F,73,44110,0.000022671
J.T. Miller,4550000,C,103,44175,0.000022637
Brayden McNabb,1150000,D,26,44231,0.000022609
Mathew Barzal,3540000,C,80,44250,0.000022599
William Nylander,4340000,F,98,44286,0.000022581
Adam Henrique,2260000,C,51,44314,0.000022566
Auston Matthews,4750000,C,107,44393,0.000022526
Thomas Harley,2090000,D,47,44468,0.000022488
Jake Neighbours,1690000,F,38,44474,0.000022485
Nicholas Paul,2050000,F,46,44565,0.000022439
Sidney Crosby,4190000,C,94,44574,0.000022434
Matt Duchene,2900000,C,65,44615,0.000022414
Jordan Greenway,1250000,F,28,44643,0.000022400
Bo Horvat,3050000,C,68,44853,0.000022295
Stefan Noesen,1660000,F,37,44865,0.000022289
Nicolas Roy,1840000,F,41,44878,0.000022283
Dakota Joshua,1440000,C,32,45000,0.000022222
Nick Leddy,1260000,D,28,45000,0.000022222
Oliver Ekman-Larsson,1440000,D,32,45000,0.000022222
Mike Reilly,1080000,D,24,45000,0.000022222
Adam Lowry,1580000,C,35,45143,0.000022152
Sebastian Aho,4020000,C,89,45169,0.000022139
Michael Eyssimont,1130000,F,25,45200,0.000022124
Phillip Danault,2130000,C,47,45319,0.000022066
Quinn Hughes,4170000,D,92,45326,0.000022062
Adrian Kempe,3400000,F,75,45333,0.000022059
Anthony Cirelli,2040000,C,45,45333,0.000022059
Mattias Ekholm,2040000,D,45,45333,0.000022059
Lucas Raymond,3270000,F,72,45417,0.000022018
Jalen Chatfield,1000000,D,22,45455,0.000022000
Mikko Rantanen,4730000,F,104,45481,0.000021987
Ryan O'Reilly,3140000,C,69,45507,0.000021975
David Pastrnak,5010000,F,110,45545,0.000021956
Mark Scheifele,3280000,C,72,45556,0.000021951
Roman Josi,3880000,D,85,45647,0.000021907
Filip Zadina ,1050000,F,23,45652,0.000021905
Ryan Hartman,2060000,C,45,45778,0.000021845
Jon Marchessault,3160000,F,69,45797,0.000021835
Brendan Gallagher,1420000,F,31,45806,0.000021831
Mason Marchment,2430000,F,53,45849,0.000021811
Anze Kopitar,3210000,C,70,45857,0.000021807
Sean Walker,1330000,D,29,45862,0.000021805
Mathieu Joseph,1610000,F,35,46000,0.000021739
Anton Lundell,1610000,C,35,46000,0.000021739
Teddy Blueger,1290000,C,28,46071,0.000021705
Joel Eriksson Ek,2950000,C,64,46094,0.000021695
Leon Draisaitl,4890000,F,106,46132,0.000021677
Ryan McDonagh,1480000,D,32,46250,0.000021622
Jordan Martinook,1480000,F,32,46250,0.000021622
Shayne Gostisbehere,2590000,D,56,46250,0.000021622
Tyler Seguin,2410000,C,52,46346,0.000021577
Jake Middleton,1160000,D,25,46400,0.000021552
Evan Rodrigues,1810000,F,39,46410,0.000021547
Nikolaj Ehlers,2850000,F,82,34756,0.000028772
Artem Zub,1170000,D,25,46800,0.000021368
Brandon Saad,1970000,F,42,46905,0.000021320
Cole Smith,1080000,F,23,46957,0.000021296
Cale Makar,4230000,D,90,47000,0.000021277
Kiefer Sherwood,1270000,F,27,47037,0.000021260
Filip Hronek,2260000,D,48,47083,0.000021239
Brock Nelson,3250000,C,69,47101,0.000021231
Alex Kerfoot,2120000,C,45,47111,0.000021226
Seth Jarvis,3160000,C,67,47164,0.000021203
Cole Sillinger,1510000,C,32,47188,0.000021192
Elias Pettersson,4200000,C,89,47191,0.000021190
Evan Bouchard,3870000,D,100,38700,0.000025840
Will Borgen,1180000,D,25,47200,0.000021186
Pius Suter,1370000,C,29,47241,0.000021168
Mike Matheson,2930000,D,62,47258,0.000021160
Jaccob Slavin,1750000,D,37,47297,0.000021143
Jamie Benn,2840000,F,60,47333,0.000021127
Kirill Kaprizov,4550000,F,96,47396,0.000021099
Alex DeBrincat,3180000,F,67,47463,0.000021069
Bryan Rust,2660000,F,56,47500,0.000021053
Nick Perbix,1140000,D,24,47500,0.000021053
Jeff Petry,1140000,D,24,47500,0.000021053
Jesper Bratt,3960000,F,83,47711,0.000020960
Teuvo Teravainen,2530000,F,53,47736,0.000020949
Tyler Johnson,1480000,C,31,47742,0.000020946
William Eklund,2150000,F,45,47778,0.000020930
Brayden Point,4300000,C,90,47778,0.000020930
Vladislav Gavrikov,1100000,D,23,47826,0.000020909
Dylan Larkin,3300000,C,69,47826,0.000020909
Claude Giroux,3070000,F,64,47969,0.000020847
Joel Farabee,2400000,F,50,48000,0.000020833
Dylan Strome,3220000,C,67,48060,0.000020807
Ondrej Palat,1490000,F,31,48065,0.000020805
Anders Lee,1780000,F,37,48108,0.000020787
Michael McCarron,1060000,F,22,48182,0.000020755
Travis Sanheim,2120000,D,44,48182,0.000020755
Marcus Johansson,1450000,F,30,48333,0.000020690
John Tavares,3150000,C,65,48462,0.000020635
Michael Amadio,1310000,F,27,48519,0.000020611
Michael Bunting,2670000,F,55,48545,0.000020599
Alexey Toropchenko,1020000,F,21,48571,0.000020588
Daniel Sprong,2090000,F,43,48605,0.000020574
Kyle Okposo,1070000,F,22,48636,0.000020561
Jordan Kyrou,3260000,F,67,48657,0.000020552
Scott Laughton,1900000,C,39,48718,0.000020526
Max Domi,2290000,C,47,48723,0.000020524
Brady Tkachuk,3610000,F,74,48784,0.000020499
Nino Niederreiter,1660000,F,34,48824,0.000020482
Colton Sissons,1710000,F,35,48857,0.000020468
Jonas Brodin,1320000,D,27,48889,0.000020455
Cam Atkinson,1370000,F,28,48929,0.000020438
Ross Colton,1960000,F,40,49000,0.000020408
Ryan Donato,1470000,F,30,49000,0.000020408
Jared McCann,3040000,C,62,49032,0.000020395
Evgeni Malkin,3290000,C,67,49104,0.000020365
Casey Cizikas,1130000,C,23,49130,0.000020354
Morgan Rielly,2850000,D,58,49138,0.000020351
Conor Garland,2310000,F,47,49149,0.000020346
Nils Hoglander,1770000,F,36,49167,0.000020339
Justin Schultz,1280000,D,26,49231,0.000020313
Alexander Holtz,1380000,F,28,49286,0.000020290
Fabian Zetterlund,2170000,F,44,49318,0.000020276
Victor Hedman,3750000,D,76,49342,0.000020267
Aleksander Barkov,3950000,C,80,49375,0.000020253
Devon Toews,2470000,D,50,49400,0.000020243
Carter Verhaeghe,3560000,F,72,49444,0.000020225
Vladimir Tarasenko,2720000,F,55,49455,0.000020221
Reilly Smith,1980000,F,40,49500,0.000020202
Tomas Tatar,1190000,F,24,49583,0.000020168
Ryan Poehling,1390000,F,28,49643,0.000020144
Dylan DeMelo,1540000,D,31,49677,0.000020130
Tyler Toffoli,2740000,F,55,49818,0.000020073
Alex Tuch,2940000,F,59,49831,0.000020068
Matthew Boldy,3440000,F,69,49855,0.000020058
Henri Jokiharju,1000000,D,20,50000,0.000020000
Erik Brannstrom,1000000,D,20,50000,0.000020000
Josh Manson,1250000,D,25,50000,0.000020000
Mats Zuccarello,3150000,F,63,50000,0.000020000
Mika Zibanejad,3600000,C,72,50000,0.000020000
Chandler Stephenson,2550000,C,51,50000,0.000020000
Matt Roy,1250000,D,25,50000,0.000020000
Drake Batherson,3320000,F,66,50303,0.000019880
Yegor Sharangovich,2970000,F,59,50339,0.000019865
Alexis Lafreniere,2870000,C,57,50351,0.000019861
Marcus Pettersson,1520000,D,30,50667,0.000019737
Rasmus Andersson,1980000,D,39,50769,0.000019697
Paul Cotter,1270000,F,25,50800,0.000019685
Drew Doughty,2540000,D,50,50800,0.000019685
Matias Maccelli,2900000,F,57,50877,0.000019655
Dmitri Voronkov,1730000,F,34,50882,0.000019653
Corey Perry,1120000,F,22,50909,0.000019643
Beck Malenstyn,1070000,F,21,50952,0.000019626
Ilya Mikheyev,1580000,F,31,50968,0.000019620
Brenden Dillon,1020000,D,20,51000,0.000019608
Mikael Backlund,1990000,C,39,51026,0.000019598
Michael Rasmussen,1690000,F,33,51212,0.000019527
Jordan Spence,1230000,D,24,51250,0.000019512
Zach Hyman,3950000,F,77,51299,0.000019494
Kevin Fiala,3750000,F,73,51370,0.000019467
Pavel Buchnevich,3240000,F,63,51429,0.000019444
Andrew Copp,1700000,F,33,51515,0.000019412
Jason Zucker,1650000,F,32,51563,0.000019394
Sean Couturier,1960000,C,38,51579,0.000019388
Jason Robertson,4130000,F,80,51625,0.000019370
Gabriel Vilardi,1860000,F,36,51667,0.000019355
Robby Fabbri,1660000,F,32,51875,0.000019277
Will Cuylle,1090000,F,21,51905,0.000019266
Tommy Novak,2340000,C,45,52000,0.000019231
Erik Haula,1820000,F,35,52000,0.000019231
Jordan Eberle,2290000,F,44,52045,0.000019214
Connor Zary,1770000,F,34,52059,0.000019209
Jonathan Huberdeau,2710000,F,80,33875,0.000029520
Jake McCabe,1460000,D,28,52143,0.000019178
Wyatt Johnston,3390000,C,95,35684,0.000028024
Cole Caufield,3390000,F,65,52154,0.000019174
Adam Fox,3820000,D,73,52329,0.000019110
Jakob Chychrun,2150000,D,41,52439,0.000019070
Sam Steel,1260000,C,24,52500,0.000019048
Andrew Mangiapane,2100000,F,40,52500,0.000019048
Jake Guentzel,4050000,F,77,52597,0.000019012
Lawson Crouse,2210000,F,42,52619,0.000019005
Clayton Keller,4000000,F,76,52632,0.000019000
Jonny Brodzinski,1000000,F,19,52632,0.000019000
Miles Wood,1370000,F,26,52692,0.000018978
Esa Lindell,1370000,D,26,52692,0.000018978
Travis Konecny,3590000,C,68,52794,0.000018942
Brad Marchand,3540000,F,67,52836,0.000018927
Noah Dobson,3700000,D,70,52857,0.000018919
Tye Kartye,1060000,F,20,53000,0.000018868
Luke Evangelista,2070000,F,39,53077,0.000018841
Logan O'Connor,1330000,F,25,53200,0.000018797
Mark Stone,2820000,F,53,53208,0.000018794
Neal Pionk,1760000,D,33,53333,0.000018750
Nicholas Robertson,1440000,F,27,53333,0.000018750
Jean-Gabriel Pageau,1760000,C,33,53333,0.000018750
Owen Tippett,2830000,F,53,53396,0.000018728
Nico Hischier,3580000,C,67,53433,0.000018715
Craig Smith,1070000,C,20,53500,0.000018692
Alex Newhook,1820000,C,34,53529,0.000018681
Sam Bennett,2200000,C,41,53659,0.000018636
Brent Burns,2310000,D,43,53721,0.000018615
Josh Morrissey,3720000,D,69,53913,0.000018548
Tyler Bertuzzi,2320000,F,43,53953,0.000018534
Zach Benson,1620000,F,30,54000,0.000018519
Kirill Marchenko,2270000,F,65,34923,0.000028634
Connor Dewar,1030000,C,19,54211,0.000018447
Jack McBain,1410000,F,26,54231,0.000018440
Tyson Foerster,1790000,F,33,54242,0.000018436
Noah Hanifin,2550000,D,47,54255,0.000018431
Oskar Sundqvist,1140000,F,21,54286,0.000018421
Alex Wennberg,1630000,C,30,54333,0.000018405
Ivan Barbashev,2450000,C,45,54444,0.000018367
Martin Necas,2890000,C,53,54528,0.000018339
Alex Ovechkin,3550000,F,65,54615,0.000018310
Damon Severson,1530000,D,28,54643,0.000018301
Alexandre Texier,1640000,C,30,54667,0.000018293
Jake Walman,1150000,D,21,54762,0.000018261
Matthew Tkachuk,4820000,F,88,54773,0.000018257
Alex Laferriere,1260000,F,23,54783,0.000018254
Tom Wilson,1920000,F,35,54857,0.000018229
Gustav Forsling,2140000,D,39,54872,0.000018224
Brock Faber,2580000,D,47,54894,0.000018217
Roope Hintz,3570000,C,65,54923,0.000018207
Jake DeBrusk,2200000,F,40,55000,0.000018182
Pierre Engvall,1540000,F,28,55000,0.000018182
J.J. Moser,1430000,D,26,55000,0.000018182
Logan Cooley,2420000,C,44,55000,0.000018182
Alexandre Carrier,1100000,D,20,55000,0.000018182
Erik Gustafsson,1710000,D,31,55161,0.000018129
MacKenzie Weegar,2870000,D,52,55192,0.000018118
Braden Schneider,1050000,D,19,55263,0.000018095
Radek Faksa,1050000,C,19,55263,0.000018095
Valeri Nichushkin,2930000,F,53,55283,0.000018089
Ryan McLeod,1660000,C,30,55333,0.000018072
John Carlson,2880000,D,52,55385,0.000018056
Rickard Rakell,2050000,F,37,55405,0.000018049
Zach Werenski,3160000,D,57,55439,0.000018038
Dylan Samberg,1000000,D,18,55556,0.000018000
Radko Gudas,1000000,D,18,55556,0.000018000
Olli Maatta,1000000,D,18,55556,0.000018000
Boone Jenner,1950000,C,35,55714,0.000017949
Brett Howden,1060000,C,19,55789,0.000017925
Chris Tanev,1060000,D,19,55789,0.000017925
Timo Meier,2910000,F,52,55962,0.000017869
Mitch Marner,4760000,F,85,56000,0.000017857
Ben Chiarot,1120000,D,20,56000,0.000017857
Yanni Gourde,1850000,F,33,56061,0.000017838
Eeli Tolvanen,2300000,F,41,56098,0.000017826
Torey Krug,2190000,D,39,56154,0.000017808
Eetu Luostarinen,1520000,C,27,56296,0.000017763
Jaden Schwartz,1690000,F,30,56333,0.000017751
Sean Durzi,2310000,D,41,56341,0.000017749
Jack Hughes,4180000,C,140,29857,0.000033493
Nikita Zadorov,1130000,D,20,56500,0.000017699
Colton Parayko,1470000,D,26,56538,0.000017687
Luke Hughes,2660000,D,47,56596,0.000017669
Keegan Kolesar,1020000,F,18,56667,0.000017647
Egor Zamula,1190000,D,21,56667,0.000017647
Owen Power,1870000,D,33,56667,0.000017647
Ryan Nugent-Hopkins,3800000,C,67,56716,0.000017632
Evgenii Dadonov,1310000,F,23,56957,0.000017557
Marco Rossi,2280000,C,40,57000,0.000017544
Dmitry Kulikov,1140000,D,20,57000,0.000017544
Darnell Nurse,1830000,D,32,57188,0.000017486
Connor McMichael,1890000,C,33,57273,0.000017460
Jack Eichel,3900000,C,68,57353,0.000017436
Cal Clutterbuck,1090000,F,19,57368,0.000017431
John-Jason Peterka,2870000,F,50,57400,0.000017422
Morgan Frost,2360000,C,41,57561,0.000017373
Kevin Hayes,1670000,F,29,57586,0.000017365
Troy Terry,3110000,F,54,57593,0.000017363
Brayden Schenn,2650000,C,46,57609,0.000017358
Alexander Romanov,1270000,D,22,57727,0.000017323
Sean Kuraly,1040000,C,18,57778,0.000017308
Tim Stutzle,4060000,C,75,54133,0.000018473
Mason McTavish,2440000,F,42,58095,0.000017213
Ivan Provorov,1860000,D,32,58125,0.000017204
Martin Pospisil,1400000,F,24,58333,0.000017143
Juraj Slafkovsky,2920000,F,50,58400,0.000017123
Vince Dunn,2690000,D,46,58478,0.000017100
Ryan Suter,1000000,D,17,58824,0.000017000
Niko Mikkola,1000000,D,17,58824,0.000017000
Jackson LaCombe,1000000,D,17,58824,0.000017000
Calen Addison,1000000,D,17,58824,0.000017000
Ryan Lindgren,1000000,D,17,58824,0.000017000
Alex Iafallo,1590000,F,27,58889,0.000016981
Marcus Foligno,1300000,F,22,59091,0.000016923
Jake Sanderson,2250000,D,38,59211,0.000016889
Garnet Hathaway,1010000,F,17,59412,0.000016832
Yakov Trenin,1010000,F,17,59412,0.000016832
Mikey Anderson,1070000,D,18,59444,0.000016822
Cole Perfetti,2260000,F,38,59474,0.000016814
Patrick Kane,2800000,F,60,46667,0.000021429
Pavel Dorofeyev,1430000,F,24,59583,0.000016783
Ridly Greig,1550000,C,26,59615,0.000016774
Miro Heiskanen,3240000,D,54,60000,0.000016667
Connor Bedard,3690000,C,100,36900,0.000027100
Connor Clifton,1090000,D,18,60556,0.000016514
Matthew Knies,2120000,F,35,60571,0.000016509
Yegor Chinakhov,1760000,F,29,60690,0.000016477
Cam Fowler,2370000,D,39,60769,0.000016456
Tage Thompson,3410000,C,56,60893,0.000016422
Andrei Kuzmenko,2810000,F,46,61087,0.000016370
Joey Anderson,1040000,F,17,61176,0.000016346
Alec Martinez,1040000,D,17,61176,0.000016346
Dylan Cozens,2880000,C,47,61277,0.000016319
Pierre-Luc Dubois,2460000,C,65,37846,0.000026423
Andrei Svechnikov,3200000,F,52,61538,0.000016250
Dmitry Orlov,1600000,D,26,61538,0.000016250
Jack Roslovic,1910000,C,31,61613,0.000016230
Alex Killorn,2220000,F,36,61667,0.000016216
Michael Kesselring,1300000,D,21,61905,0.000016154
Hampus Lindholm,1610000,D,26,61923,0.000016149
Joshua Norris,1860000,C,30,62000,0.000016129
Dawson Mercer,2050000,C,33,62121,0.000016098
Rasmus Dahlin,3670000,D,59,62203,0.000016076
Peyton Krebs,1060000,F,17,62353,0.000016038
Alex Vlasic,1000000,D,16,62500,0.000016000
Brian Dumoulin,1000000,D,16,62500,0.000016000
Josh Anderson,1250000,F,20,62500,0.000016000
Nicolas Aube-Kubel,1000000,F,16,62500,0.000016000
Brett Kulak,1000000,D,16,62500,0.000016000
Martin Fehervary,1000000,D,16,62500,0.000016000
Erik Karlsson,3530000,D,56,63036,0.000015864
Rasmus Sandin,1450000,D,23,63043,0.000015862
Kaiden Guhle,1390000,D,22,63182,0.000015827
Kasperi Kapanen,1390000,F,22,63182,0.000015827
Kyle Connor,3870000,F,61,63443,0.000015762
Sonny Milano,1460000,F,23,63478,0.000015753
Sam Carrick,1020000,C,16,63750,0.000015686
Moritz Seider,2680000,D,42,63810,0.000015672
Jesperi Kotkaniemi,1730000,C,27,64074,0.000015607
Pontus Holmberg,1090000,F,17,64118,0.000015596
Elias Lindholm,2830000,C,44,64318,0.000015548
Jeff Skinner,2960000,F,46,64348,0.000015541
Charlie McAvoy,3030000,D,47,64468,0.000015512
Jacob Trouba,1420000,D,22,64545,0.000015493
Pavel Mintyukov,1810000,D,28,64643,0.000015470
T.J. Oshie,1630000,F,25,65200,0.000015337
Nils Lundkvist,1240000,D,19,65263,0.000015323
Juuso Valimaki,1110000,D,17,65294,0.000015315
Brandon Tanev,1050000,F,16,65625,0.000015238
Cameron York,1970000,D,30,65667,0.000015228
Bobby Brink,1530000,F,23,66522,0.000015033
Jamie Oleksiak,1000000,D,15,66667,0.000015000
Brendan Smith,1000000,D,15,66667,0.000015000
Kevin Korchinski,1000000,D,15,66667,0.000015000
Adam Larsson,1210000,D,18,67222,0.000014876
Nick Cousins,1010000,F,15,67333,0.000014851
Max Jones,1030000,F,15,68667,0.000014563
Timothy Liljegren,1580000,D,23,68696,0.000014557
Ryan Pulock,1310000,D,19,68947,0.000014504
K'Andre Miller,2080000,D,30,69333,0.000014423
Adam Pelech,1110000,D,16,69375,0.000014414
Shane Pinto,1880000,C,27,69630,0.000014362
Seth Jones,2160000,D,31,69677,0.000014352
Bowen Byram,2030000,D,29,70000,0.000014286
Kaapo Kakko,1330000,F,19,70000,0.000014286
Thomas Chabot,2110000,D,30,70333,0.000014218
Tomas Hertl,2700000,F,38,71053,0.000014074
Nate Schmidt,1000000,D,14,71429,0.000014000
Jeremy Lauzon,1000000,D,14,71429,0.000014000
Urho Vaakanainen,1000000,D,14,71429,0.000014000
Brandon Carlo,1000000,D,14,71429,0.000014000
Jacob Bernard-Docker,1000000,D,14,71429,0.000014000
Liam O'Brien,1000000,C,14,71429,0.000014000
Zach Bogosian,1000000,D,14,71429,0.000014000
Zach Whitecloud,1000000,D,14,71429,0.000014000
Tanner Jeannot,1000000,F,14,71429,0.000014000
Nick Jensen,1000000,D,14,71429,0.000014000
Kailer Yamamoto,1150000,F,16,71875,0.000013913
Blake Wheeler,1510000,F,21,71905,0.000013907
Alex Pietrangelo,2380000,D,33,72121,0.000013866
Matthew Beniers,2680000,C,37,72432,0.000013806
Mark Jankowski,1090000,C,15,72667,0.000013761
Artturi Lehkonen,2490000,F,34,73235,0.000013655
Brandon Montour,2420000,D,33,73333,0.000013636
Blake Lizotte,1100000,F,15,73333,0.000013636
Dylan Guenther,2570000,F,35,73429,0.000013619
Emil Bemstrom,1180000,F,16,73750,0.000013559
Valtteri Puustinen,1480000,F,20,74000,0.000013514
Samuel Girard,1350000,D,18,75000,0.000013333
Leo Carlsson,2190000,C,29,75517,0.000013242
Anthony Beauvillier,1290000,F,17,75882,0.000013178
Shea Theodore,3190000,D,42,75952,0.000013166
Frederick Gaudreau,1140000,C,15,76000,0.000013158
Noah Cates,1370000,F,18,76111,0.000013139
Calle Jarnkrok,1600000,C,21,76190,0.000013125
Lukas Reichel,1220000,F,16,76250,0.000013115
Johnathan Kovacevic,1000000,D,13,76923,0.000013000
Nick Seeler,1000000,D,13,76923,0.000013000
Jake Bean,1000000,D,13,76923,0.000013000
Dante Fabbro,1000000,D,13,76923,0.000013000
Brandon Duhaime,1000000,F,13,76923,0.000013000
Erik Cernak,1000000,D,13,76923,0.000013000
Conor Sheary,1160000,F,15,77333,0.000012931
Dominik Kubalik,1170000,F,15,78000,0.000012821
Justin Faulk,2360000,D,30,78667,0.000012712
Brett Pesce,1030000,D,13,79231,0.000012621
Klim Kostin,1110000,F,14,79286,0.000012613
Max Pacioretty,1840000,F,23,80000,0.000012500
Philip Tomasino,1620000,C,20,81000,0.000012346
Ryan Graves,1140000,D,14,81429,0.000012281
Jesper Boqvist,1150000,C,14,82143,0.000012174
Scott Perunovich,1400000,D,17,82353,0.000012143
Adam Fantilli,2230000,C,27,82593,0.000012108
Matt Dumba,1000000,D,12,83333,0.000012000
Nicolas Hague,1000000,D,12,83333,0.000012000
Carl Grundstrom,1000000,F,12,83333,0.000012000
Noah Gregor,1000000,F,12,83333,0.000012000
Barclay Goodrow,1000000,F,12,83333,0.000012000
Simon Nemec,1620000,D,19,85263,0.000011728
Victor Olofsson,1280000,F,15,85333,0.000011719
Mason Lohrei,1110000,D,13,85385,0.000011712
Connor Brown,1030000,F,12,85833,0.000011650
Evgeny Kuznetsov,2090000,C,24,87083,0.000011483
Arthur Kaliyev,1360000,F,15,90667,0.000011029
Kevin Bahl,1000000,D,11,90909,0.000011000
Ian Cole,1000000,D,11,90909,0.000011000
Jon Merrill,1000000,D,11,90909,0.000011000
Matt Grzelcyk,1010000,D,11,91818,0.000010891
Pierre-Olivier Joseph,1010000,D,11,91818,0.000010891
Justin Barron,1200000,D,13,92308,0.000010833
Cody Glass,1220000,C,13,93846,0.000010656
Tyson Barrie,1410000,D,15,94000,0.000010638
Kent Johnson,1550000,F,16,96875,0.000010323
Jack Quinn,1870000,F,19,98421,0.000010160
Ben Hutton,1000000,D,10,100000,0.000010000
Andreas Englund,1000000,D,10,100000,0.000010000
Josh Brown,1000000,D,10,100000,0.000010000
Jayden Struble,1000000,D,10,100000,0.000010000
Jamie Drysdale,1000000,D,10,100000,0.000010000
David Jiricek,1000000,D,10,100000,0.000010000
Rafael Harvey-Pinard ,1000000,F,10,100000,0.000010000
Phillip Di Giuseppe,1000000,F,10,100000,0.000010000
Eric Robinson,1000000,F,10,100000,0.000010000
Calvin de Haan,1000000,D,10,100000,0.000010000
Andrew Peeke,1000000,D,10,100000,0.000010000
Sam Malinski,1000000,D,10,100000,0.000010000
Matthew Poitras,1540000,C,15,102667,0.000009740
Viktor Arvidsson,1570000,F,15,104667,0.000009554
Andre Burakovsky,1740000,F,16,108750,0.000009195
Arber Xhekaj,1100000,D,10,110000,0.000009091
Ty Emberson,1110000,D,10,111000,0.000009009
Mark Giordano,1000000,D,9,111111,0.000009000
Colin Miller,1000000,D,9,111111,0.000009000
Nikita Okhotiuk,1000000,D,9,111111,0.000009000
Jacob MacDonald,1000000,D,9,111111,0.000009000
Jonas Siegenthaler,1000000,D,9,111111,0.000009000
Christian Dvorak,1000000,F,9,111111,0.000009000
Kyle MacLean,1020000,F,9,113333,0.000008824
Aaron Ekblad,2100000,D,18,116667,0.000008571
Declan Chisholm,1090000,D,9,121111,0.000008257
Kaedan Korczak,1110000,D,9,123333,0.000008108
Parker Wotherspoon,1000000,D,8,125000,0.000008000
Travis Boyd,1000000,C,8,125000,0.000008000
Dryden Hunt,1000000,F,8,125000,0.000008000
William Carrier,1000000,F,8,125000,0.000008000
Marco Scandella,1000000,D,8,125000,0.000008000
Conor Timmins,1290000,D,10,129000,0.000007752
Logan Stankoven,1810000,C,14,129286,0.000007735
Thomas Bordeleau,1500000,C,11,136364,0.000007333
Ryker Evans,1270000,D,9,141111,0.000007087
Mikhail Sergachev,2700000,D,19,142105,0.000007037
Troy Stecher,1000000,D,7,142857,0.000007000
Noah Juulsen,1000000,D,7,142857,0.000007000
Luke Schenn,1000000,D,7,142857,0.000007000
Brayden Pachal,1000000,D,7,142857,0.000007000
Mattias Samuelsson,1000000,D,7,142857,0.000007000
Ryan Lomberg,1000000,F,7,142857,0.000007000
Adam Boqvist,1510000,D,50,30200,0.000033113
Trevor Zegras,2270000,C,15,151333,0.000006608
Andreas Athanasiou,1400000,F,9,155556,0.000006429
Dougie Hamilton,2520000,D,16,157500,0.000006349
Tony DeAngelo,1820000,D,11,165455,0.000006044
Carson Soucy,1000000,D,6,166667,0.000006000
Erik Johnson,1000000,D,6,166667,0.000006000
Josh Doan,1500000,F,9,166667,0.000006000
Justin Brazeau,1210000,F,7,172857,0.000005785
Daniil Miromanov,1220000,D,7,174286,0.000005738
Barrett Hayton,1750000,F,10,175000,0.000005714
Olen Zellweger,1590000,D,9,176667,0.000005660
Justin Holl,1000000,D,5,200000,0.000005000
Scott Mayfield,1000000,D,5,200000,0.000005000
Simon Benoit,1000000,D,5,200000,0.000005000
Samuel Bolduc,1000000,D,5,200000,0.000005000
Shane Wright,1000000,C,65,15385,0.000065000
Caleb Jones,1000000,D,5,200000,0.000005000
Haydn Fleury,1000000,D,5,200000,0.000005000
Jakub Vrana,1230000,F,6,205000,0.000004878
Rasmus Ristolainen,1000000,D,4,250000,0.000004000
Spencer Stastney,1000000,D,4,250000,0.000004000
Derek Forbort,1000000,D,4,250000,0.000004000
William Lagesson,1000000,D,4,250000,0.000004000
Ross Johnston,1000000,F,4,250000,0.000004000
Akil Thomas,1000000,F,4,250000,0.000004000
Jesse Puljujarvi,1000000,F,4,250000,0.000004000
Nicolas Deslauriers,1000000,F,4,250000,0.000004000
Brandt Clarke,1550000,D,6,258333,0.000003871
Filip Chytil,1690000,C,6,281667,0.000003550
Patrik Laine,2590000,F,9,287778,0.000003475
Jared Spurgeon,1490000,D,5,298000,0.000003356
Mason Shaw,1000000,C,3,333333,0.000003000
Alexander Alexeyev,1000000,D,3,333333,0.000003000
Jakob Pelletier,1000000,F,3,333333,0.000003000
Anthony Richard,1000000,F,3,333333,0.000003000
John Klingberg,1740000,D,5,348000,0.000002874
Sebastian Aho,4020000,C,9,446667,0.000002239
Taylor Hall,1930000,F,4,482500,0.000002073
Phillip Broberg,1000000,D,2,500000,0.000002000
Tyler Tucker,1000000,D,2,500000,0.000002000
Logan Stanley,1000000,D,2,500000,0.000002000
Vasily Podkolzin,1000000,F,2,500000,0.000002000
Matt Rempe,1000000,F,2,500000,0.000002000
Adam Edstrom,1000000,F,2,500000,0.000002000
Kirby Dach,1530000,C,2,765000,0.000001307
Nick Blankenburg,1000000,D,1,1000000,0.000001000
Cutter Gauthier,1000000,F,65,15385,0.000065000
Samuel Fagemo,1000000,F,1,1000000,0.000001000
Logan Couture,1100000,C,1,1100000,0.000000909
Nolan Foote,1220000,F,1,1220000,0.000000820